llm_model_name,corrector,rag,llm_model
llama3_70b,0.03415036201477051,1.2024831771850586,68.20493721961975
llama3_70b,0.04385781288146973,0.42953991889953613,224.69827818870544
