llm_model_name,corrector,rag,llm_model
llama3_70b,0.16612911224365234,1.0041897296905518,142.3577709197998
llama3_70b,0.1178133487701416,0.41364121437072754,214.80636167526245
